--
-- PostgreSQL database dump
--

\restrict QbbpvyRDUkJ9EAtHCmGnj2vdIrEj6JRutPzyXMvVqkwfZXPSffcfMdjFqlFogeF

-- Dumped from database version 16.13 (Debian 16.13-1.pgdg13+1)
-- Dumped by pg_dump version 16.13 (Debian 16.13-1.pgdg13+1)

SET statement_timeout = 0;
SET lock_timeout = 0;
SET idle_in_transaction_session_timeout = 0;
SET client_encoding = 'UTF8';
SET standard_conforming_strings = on;
SELECT pg_catalog.set_config('search_path', '', false);
SET check_function_bodies = false;
SET xmloption = content;
SET client_min_messages = warning;
SET row_security = off;

--
-- Name: public; Type: SCHEMA; Schema: -; Owner: courseruser
--

-- *not* creating schema, since initdb creates it


ALTER SCHEMA public OWNER TO courseruser;

--
-- Name: SCHEMA public; Type: COMMENT; Schema: -; Owner: courseruser
--

COMMENT ON SCHEMA public IS '';


SET default_tablespace = '';

SET default_table_access_method = heap;

--
-- Name: answers; Type: TABLE; Schema: public; Owner: courseruser
--

CREATE TABLE public.answers (
    id bigint NOT NULL,
    content text,
    correct boolean NOT NULL,
    question_id bigint NOT NULL,
    answer_order integer
);


ALTER TABLE public.answers OWNER TO courseruser;

--
-- Name: answers_id_seq; Type: SEQUENCE; Schema: public; Owner: courseruser
--

ALTER TABLE public.answers ALTER COLUMN id ADD GENERATED BY DEFAULT AS IDENTITY (
    SEQUENCE NAME public.answers_id_seq
    START WITH 1
    INCREMENT BY 1
    NO MINVALUE
    NO MAXVALUE
    CACHE 1
);


--
-- Name: questions; Type: TABLE; Schema: public; Owner: courseruser
--

CREATE TABLE public.questions (
    id bigint NOT NULL,
    content text,
    quiz_id bigint NOT NULL,
    question_order integer,
    image_filename character varying(255),
    image_data bytea
);


ALTER TABLE public.questions OWNER TO courseruser;

--
-- Name: questions_id_seq; Type: SEQUENCE; Schema: public; Owner: courseruser
--

ALTER TABLE public.questions ALTER COLUMN id ADD GENERATED BY DEFAULT AS IDENTITY (
    SEQUENCE NAME public.questions_id_seq
    START WITH 1
    INCREMENT BY 1
    NO MINVALUE
    NO MAXVALUE
    CACHE 1
);


--
-- Name: quiz_results; Type: TABLE; Schema: public; Owner: courseruser
--

CREATE TABLE public.quiz_results (
    id bigint NOT NULL,
    completed_at timestamp(6) without time zone NOT NULL,
    max_score integer NOT NULL,
    quiz_id bigint NOT NULL,
    score integer NOT NULL,
    user_id bigint NOT NULL
);


ALTER TABLE public.quiz_results OWNER TO courseruser;

--
-- Name: quiz_results_id_seq; Type: SEQUENCE; Schema: public; Owner: courseruser
--

CREATE SEQUENCE public.quiz_results_id_seq
    START WITH 1
    INCREMENT BY 1
    NO MINVALUE
    NO MAXVALUE
    CACHE 1;


ALTER SEQUENCE public.quiz_results_id_seq OWNER TO courseruser;

--
-- Name: quiz_results_id_seq; Type: SEQUENCE OWNED BY; Schema: public; Owner: courseruser
--

ALTER SEQUENCE public.quiz_results_id_seq OWNED BY public.quiz_results.id;


--
-- Name: quiz_share_codes; Type: TABLE; Schema: public; Owner: courseruser
--

CREATE TABLE public.quiz_share_codes (
    id bigint NOT NULL,
    active boolean NOT NULL,
    code character varying(10) NOT NULL,
    created_at timestamp(6) without time zone NOT NULL,
    created_by_user_id bigint NOT NULL,
    expires_at timestamp(6) without time zone,
    quiz_id bigint NOT NULL
);


ALTER TABLE public.quiz_share_codes OWNER TO courseruser;

--
-- Name: quiz_share_codes_id_seq; Type: SEQUENCE; Schema: public; Owner: courseruser
--

ALTER TABLE public.quiz_share_codes ALTER COLUMN id ADD GENERATED BY DEFAULT AS IDENTITY (
    SEQUENCE NAME public.quiz_share_codes_id_seq
    START WITH 1
    INCREMENT BY 1
    NO MINVALUE
    NO MAXVALUE
    CACHE 1
);


--
-- Name: quizzes; Type: TABLE; Schema: public; Owner: courseruser
--

CREATE TABLE public.quizzes (
    id bigint NOT NULL,
    title character varying(255),
    owner_user_id bigint
);


ALTER TABLE public.quizzes OWNER TO courseruser;

--
-- Name: quizzes_id_seq; Type: SEQUENCE; Schema: public; Owner: courseruser
--

ALTER TABLE public.quizzes ALTER COLUMN id ADD GENERATED BY DEFAULT AS IDENTITY (
    SEQUENCE NAME public.quizzes_id_seq
    START WITH 1
    INCREMENT BY 1
    NO MINVALUE
    NO MAXVALUE
    CACHE 1
);


--
-- Name: users; Type: TABLE; Schema: public; Owner: courseruser
--

CREATE TABLE public.users (
    id bigint NOT NULL,
    created_at timestamp(6) without time zone,
    display_name character varying(255),
    email character varying(255) NOT NULL,
    last_login timestamp(6) without time zone,
    password character varying(255) NOT NULL,
    quizzes_completed integer,
    role character varying(255) NOT NULL,
    total_score integer,
    username character varying(255) NOT NULL,
    auth_provider character varying(255),
    google_id character varying(255),
    CONSTRAINT users_auth_provider_check CHECK (((auth_provider)::text = ANY ((ARRAY['LOCAL'::character varying, 'GOOGLE'::character varying])::text[]))),
    CONSTRAINT users_role_check CHECK (((role)::text = ANY ((ARRAY['STUDENT'::character varying, 'TEACHER'::character varying, 'ADMIN'::character varying])::text[])))
);


ALTER TABLE public.users OWNER TO courseruser;

--
-- Name: users_id_seq; Type: SEQUENCE; Schema: public; Owner: courseruser
--

CREATE SEQUENCE public.users_id_seq
    START WITH 1
    INCREMENT BY 1
    NO MINVALUE
    NO MAXVALUE
    CACHE 1;


ALTER SEQUENCE public.users_id_seq OWNER TO courseruser;

--
-- Name: users_id_seq; Type: SEQUENCE OWNED BY; Schema: public; Owner: courseruser
--

ALTER SEQUENCE public.users_id_seq OWNED BY public.users.id;


--
-- Name: quiz_results id; Type: DEFAULT; Schema: public; Owner: courseruser
--

ALTER TABLE ONLY public.quiz_results ALTER COLUMN id SET DEFAULT nextval('public.quiz_results_id_seq'::regclass);


--
-- Name: users id; Type: DEFAULT; Schema: public; Owner: courseruser
--

ALTER TABLE ONLY public.users ALTER COLUMN id SET DEFAULT nextval('public.users_id_seq'::regclass);


--
-- Name: 16457; Type: BLOB; Schema: -; Owner: courseruser
--

SELECT pg_catalog.lo_create('16457');


ALTER LARGE OBJECT 16457 OWNER TO courseruser;

--
-- Data for Name: answers; Type: TABLE DATA; Schema: public; Owner: courseruser
--

COPY public.answers (id, content, correct, question_id, answer_order) FROM stdin;
1	Kraków	f	1	0
2	Warszawa	t	1	1
3	Gdańsk	f	1	2
4	Wrocław	f	1	3
5	Afryka	f	2	0
6	Europa	f	2	1
7	Azja	t	2	2
8	Australia	f	2	3
9	Amazonka	t	3	0
10	Wisła	f	3	1
11	Nil	f	3	2
12	Odra	f	3	3
13	Hiszpania	f	4	0
14	Włochy	t	4	1
15	Francja	f	4	2
16	Norwegia	f	4	3
17	Morze Czarne	f	5	0
18	Morze Śródziemne	f	5	1
19	Morze Bałtyckie	t	5	2
20	Morze Północne	f	5	3
21	Mars	t	6	0
22	Wenus	f	6	1
23	Jowisz	f	6	2
24	Saturn	f	6	3
25	Ocean Atlantycki	f	7	0
26	Ocean Indyjski	f	7	1
27	Ocean Arktyczny	f	7	2
28	Ocean Spokojny	t	7	3
29	K2	f	8	0
30	Mount Everest	t	8	1
31	Rysy	f	8	2
32	Mont Blanc	f	8	3
33	Grecja	f	9	0
34	Turcja	f	9	1
35	Egipt	t	9	2
36	Indie	f	9	3
37	Chiny	f	10	0
38	Korea Południowa	f	10	1
39	Japonia	t	10	2
40	Tajlandia	f	10	3
41	Klawiatura	f	11	0
42	Monitor	t	11	1
43	Myszka	f	11	2
44	Drukarka	f	11	3
45	Linux	f	12	0
46	Windows	t	12	1
47	macOS	f	12	2
48	Android	f	12	3
49	Procesor	t	13	0
50	Monitor	f	13	1
51	Głośnik	f	13	2
52	Pendrive	f	13	3
53	Excel	f	14	0
54	Word	f	14	1
55	Chrome	t	14	2
56	Paint	f	14	3
57	Myszka	f	15	0
58	Klawiatura	t	15	1
59	Skaner	f	15	2
60	Router	f	15	3
61	HTML	f	16	0
62	Java	f	16	1
63	Python	f	16	2
64	JavaScript	t	16	3
65	Dysk twardy	t	17	0
66	Procesor	f	17	1
67	Karta graficzna	f	17	2
68	Wentylator	f	17	3
69	Router	t	18	0
70	Drukarka	f	18	1
71	Monitor	f	18	2
72	Projektor	f	18	3
73	Tablet	f	19	0
74	Pendrive	t	19	1
75	Laptop	f	19	2
76	Mikrofon	f	19	3
77	Samsung	f	20	0
78	Google	f	20	1
79	Apple	t	20	2
80	Intel	f	20	3
125	Atak Niemiec na Polskę w 1939 roku	t	53	0
126	Bitwa pod Grunwaldem	f	53	1
127	Lądowanie aliantów w Normandii	t	53	2
128	Zrzucenie bomb atomowych na Hiroszimę i Nagasaki	t	53	3
129	Powstanie Cesarstwa Rzymskiego	t	54	0
130	Budowa piramid w Egipcie	t	54	1
131	Odkrycie Ameryki przez Kolumba	f	54	2
132	Rewolucja francuska	f	54	3
133	Chrzest Polski	t	55	0
134	Bitwa pod Grunwaldem	t	55	1
135	Wybuch I wojny światowej	f	55	2
136	Lądowanie człowieka na Księżycu	f	55	3
137	1918	t	56	0
138	1795	f	56	1
139	1945	f	56	2
140	Bolesław Chrobry	t	57	0
141	Kazimierz Wielki	f	57	1
142	Władysław Jagiełło	f	57	2
153	Cwalina	f	61	\N
154	Cwelina	t	61	\N
\.


--
-- Data for Name: questions; Type: TABLE DATA; Schema: public; Owner: courseruser
--

COPY public.questions (id, content, quiz_id, question_order, image_filename, image_data) FROM stdin;
1	Jaka jest stolica Polski?	1	0	\N	\N
2	Który kontynent jest największy?	1	1	\N	\N
3	Jak nazywa się najdłuższa rzeka świata?	1	2	\N	\N
4	Które państwo ma kształt buta?	1	3	\N	\N
5	Jakie morze leży nad Polską?	1	4	\N	\N
6	Która planeta jest nazywana Czerwoną Planetą?	1	5	\N	\N
7	Który ocean jest największy?	1	6	\N	\N
8	Jak nazywa się najwyższy szczyt świata?	1	7	\N	\N
9	W jakim kraju znajdują się piramidy w Gizie?	1	8	\N	\N
10	Które państwo słynie z miasta Tokio?	1	9	\N	\N
11	Które urządzenie służy do wyświetlania obrazu?	2	0	\N	\N
12	Który system operacyjny stworzyła firma Microsoft?	2	1	\N	\N
13	Jak nazywa się podstawowa część komputera odpowiedzialna za obliczenia?	2	2	\N	\N
14	Który program służy do przeglądania internetu?	2	3	\N	\N
15	Jak nazywa się urządzenie używane do wpisywania tekstu?	2	4	\N	\N
16	Który język programowania jest często używany do stron internetowych?	2	5	\N	\N
17	Jak nazywa się pamięć używana do przechowywania plików?	2	6	\N	\N
18	Które urządzenie pozwala połączyć się z internetem bezprzewodowo?	2	7	\N	\N
19	Jak nazywa się małe przenośne urządzenie do przechowywania danych USB?	2	8	\N	\N
20	Która firma stworzyła iPhone’a?	2	9	\N	\N
53	Które wydarzenia są związane z II wojną światową?	23	0	\N	\N
54	Które wydarzenia miały miejsce w starożytności?	23	1	\N	\N
55	Które wydarzenia są związane z okresem średniowiecza?	23	2	\N	\N
56	W którym roku Polska odzyskała niepodległość?	23	3	\N	\N
57	Kto był pierwszym koronowanym królem Polski?	23	4	\N	\N
61	Kto to?	27	\N	image1.jpg	\\xffd8ffe000104a46494600010200000100010000ffdb004300080606070605080707070909080a0c140d0c0b0b0c1912130f141d1a1f1e1d1a1c1c20242e2720222c231c1c2837292c30313434341f27393d38323c2e333432ffdb0043010909090c0b0c180d0d1832211c213232323232323232323232323232323232323232323232323232323232323232323232323232323232323232323232323232ffc0001108012d012d03012200021101031101ffc4001f0000010501010101010100000000000000000102030405060708090a0bffc400b5100002010303020403050504040000017d01020300041105122131410613516107227114328191a1082342b1c11552d1f02433627282090a161718191a25262728292a3435363738393a434445464748494a535455565758595a636465666768696a737475767778797a838485868788898a92939495969798999aa2a3a4a5a6a7a8a9aab2b3b4b5b6b7b8b9bac2c3c4c5c6c7c8c9cad2d3d4d5d6d7d8d9dae1e2e3e4e5e6e7e8e9eaf1f2f3f4f5f6f7f8f9faffc4001f0100030101010101010101010000000000000102030405060708090a0bffc400b51100020102040403040705040400010277000102031104052131061241510761711322328108144291a1b1c109233352f0156272d10a162434e125f11718191a262728292a35363738393a434445464748494a535455565758595a636465666768696a737475767778797a82838485868788898a92939495969798999aa2a3a4a5a6a7a8a9aab2b3b4b5b6b7b8b9bac2c3c4c5c6c7c8c9cad2d3d4d5d6d7d8d9dae2e3e4e5e6e7e8e9eaf2f3f4f5f6f7f8f9faffda000c03010002110311003f00f9fe8a28a0028a28a0028a28a0028a28a0028a28a0028a28a0028a28a0028a28a0028a28a0028a28a0028a28a0028a28a0028a28a0028a28a0028a28a0028a28a0028a28a0028a28a0028a28a0028a28a0028a28a0028a28a0028a28a0028a28a0028a28a0028a28a0028a28a0028a28a0028a28a0028a28a0028a28a0028a28a0028a28a0028a28a0028a28a0028a28a0028a28a0028a28a0028a28a0028a28a0028a2bb1f02f81a4f1acd7c05fa5a456aa8598c464666627000c8e3e56c9cfa7073c0071d457b1ff00c287ff00a993ff00247ffb652ffc286ffa993ff247ff00b650078dd15ec9ff000a1bfea64ffc91ff00ed947fc286ff00a993ff00247ffb650078dd15ec9ff0a1bfea64ff00c91ffed947fc286ffa993ff247ff00b650078dd15ec9ff000a1bfea64ffc91ff00ed947fc286ff00a993ff00247ffb650078dd15ec9ff0a1bfea64ff00c91ffed947fc286ffa993ff247ff00b650078dd15ec9ff000a1bfea64ffc91ff00ed947fc287ff00a993ff00247ffb650078dd15ec9ff0a1bfea64ff00c91ffed947fc286ffa993ff247ff00b650078dd15ec9ff000a1bfea64ffc91ff00ed947fc286ff00a993ff00247ffb650078dd15ec9ff0a1bfea64ff00c91ffed947fc2863ff004327fe48ff00f6ca00f1ba2bd93fe1431ffa193ff247ff00b652ff00c2853ff4327fe48fff006ca00f1aa2bd97fe1429ff00a1947fe00fff006ca3fe142ffd4c9ff923ff00db2803c6a8af65ff00850bff00532ffe48ff00f6ca5ff8509ff532ff00e48fff006ca00f19a2bd9bfe1427fd4cbff923ff00db293fe142ff00d4cbff00923ffdb2803c6a8abba8d849a5ea975a7cecad2daccf0b9424a96562a719c719154a800a28a2800a28a2800a28a2800a28a2800af63f80fd75ff00fb77ff00dab5e395ec9f01faf883feddff00f6ad007b25145140828a28a0028a28a0028a28a0028a8e69e3b78cc92b8551ea6bce3c49f1256de47b6b050d8382fc8a4da4528b7b1e85737d6d6885a699107b9c57377de3ed2accb2872e47f77915e3da87896ff537633dc48ea7f849ac9f318f009c1f4a873ec6aa92ea7af4df14ed147eee273f55a5b7f8a964ec0491b8ff0080d794189b68ea73da94418ea2a7da32fd944f76d3fc6fa4df90166d84ff0078e2b7e1bbb7b8198a647fa366be6c5b46cee4c822afda6bbac69332b437126c07eee7029aa9dc8747b1f45819a3b579ff00863e22c17e160d414432f40464e7f135df432a4d1878d8329e4106b44ee64e2d6e3852d14b8a64898a5a28a0614514b4084a2968a00f937c5fff0023aebdff00611b8ffd18d58b5b5e2fff0091d75eff00b08dc7fe8c6ac5a061451450014514500145145001451450015ec9f01ffe660ffb77ff00dab5e375ec9f01faf883feddff00f6ad007b2514b8a502810da5a5c0a302801314014ea4c500181505ddd4567034b2b05551926a591c468598e0019af30f126b736bda81b0b427c85386607ad4ca4a2aecb841cdd9199e2cf155deb339b5b12c2107048ef5c99d227232c0926bd074ff000fc50a8e32ddcd6aae8b130c141f95724aadd9e8c28248f233a3c8ad92a40abf6da4aba63d7dabd37fe11e81b8282aeda787ad97fe59d2f683f6491e62ba0ceed84ce3e95763f0bdc14c6c27f0af568f48b64c62319abf1d8c606020fca973363e58a3cb2c3c2d3370f19ebdc569c9e0b5922e53071e95e8f1d920e4a81f853cdba9edc51ef073476b1e19aa7846e2d198aa11e840ad7f0978aee74aba5b1bf72613c027b57a9dc58452a9565047d2b8af11782a3991a7b605580ce055c66e2f5339d38c96877504c97112c91b02ac320d495e6fe0fd6ee74fbc3a5df31db9c213fcabd2072335d7195d5ce09c5c5d9852d14532028a28a0028a28a00f937c5fff0023aebdff00611b8ffd18d58b5b5e2fff0091d75eff00b08dc7fe8c6ac5a061451450014514500145145001451450015ecbf01baf883feddfff006ad78d57b27c07ebe20ffb77ff00dab401ecd4bda928a041451450002968a2819cbf8d7573a7e966288fefa4e0572fe1fd3bc9803b8cc8fc926ae78a0ff68788a287aac3906b46d50000018c571d796b63d0c2c2d1b9a16d02851815712dc13d2a0b7183ed5ad128205611573a24ec42b6c3d2acc700535612318a90462b55132722248c672454eaa3d2942015222fb552443626ca4f2eac05a7041e95562798a2d1d44f106183deb4193d2a074ef52d14a479b78b74336d28bdb718653bb8ae93c31a97f68e951b31cc88006fad5ed66dc5c59ba919e2b94f08bfd9752b8b4391b98903e82b4a4ecec675e378f31dbd14515d0710b8e28cd252d002514b45007c99e2ff00f91d75effb08dc7fe8c6ac5adaf17ffc8ebaf7fd846e3ff463562d030a28a2800a28a2800a28a2800a28a2800af64f80fd7c41ff006eff00fb56bc6ebd97e0375f107fdbbffed5a00f65a28a2810514b450014d95b642ede8a4d3ea0be3b6c273ff4cdbf950079d2cbf68d66ea63cee7e2b7ad6339cf5ae674e25e62dea79aeaed582a8f535e754d64cf629ab452346dd3a55f8b00f5aa1138ea2aea1030684122fc7d29e3938aae8f85cd49138dd5a18b45923029eac2aa492e0e29e8c5ba555c562ea104d4b5047c0e6a4dc00aa466c7374a8245c8e2a42c09a639c7d28608cdbb4cc6d9ae2d617b4f12c728e14822bb8b9c329ae5f528f6ddc6f8fe21fcea63a491a4b58347483a5148bf7453abacf3828a28a0028a28a00f933c5fff0023aebdff00611b8ffd18d58b5b5e2fff0091d75eff00b08dc7fe8c6ac5a061451450014514500145145001451450015ecbf01baf883feddfff006ad78d57b2fc05e9e20ffb76ff00dab401ecb4514b40828a296800aaf7fcd84fff005cdbf9558150deff00c78cff00f5cdbf95008f35d38053915d0c0dd2b95b4bd8e1665661907a66adcdad8488f960e7e95e74a2db3d78c9729d5a4c8060b81f5a78d4a28b8322fe75e6d3ea979383b0b026b22e27d537eef34e3eb571a64caa23da21d4e37180e2afdbceadd0d78659eb3a8c32a877257d8d767a578b238d809988c7ad271698d38c8f446396dc69eb7f0c20ee61c0f5ae664f1243259bc9112db464e39ac39b5a9e742cb136df5229dec1cb7dcebef3c65a7dae4190647bd476de35b0b9190e33f5af2ad42e15a5265c649e829964234937a79a71d874aabb2395763dbed35682e71b181cfbd6916c8eb5e47a76a8fb82c448c761d6ba34f104f144339cf6cd0984a1d8eba6209e0d73faa280e87fdb1fceb0e3f1b4df6a68a6840da339c5581ae41a93a2e0a9c8c669f2bdc9525b1d6a1ca034fa8a1ff54b52d759e705145140051451401f2678bffe475d7bfec2371ffa31ab16b6bc5fff0023aebdff00611b8ffd18d58b40c28a28a0028a28a0028a28a0028a28a002bd97e02f4f107fdbb7fed5af1aaf64f80fd7c41ff6efff00b56803d9a81452d020a5a4a5a002b135dd661b3b7920c8323a10056dd792f8f4ddc1e2080c6c42b7f8d454934b436a105395999565672c97b27983273deb467b6daa30db40ea056969c8259f047201c9fc2b3aead269770407935cb295ecced8c126d196d2cb24ff0067b550cddc938ac4bcb8bf5be36d27cac067e53915d4d9e9525bb64e73d775586d120763232e5fae69a94503849f5388cdcdbdd4618960fc8e6b66e6d9a75896341e63568368c0dc79853a74357b4b852e35748c8ddb0f3ed439212835a327b1d26ff4db0ccab98641f31073815d2ea16823d2105ba804a678fa5753169f1dd698d6eca36b2e2b2fecfbe07814fcca4ae3daa6d75a96a493b1e4b3e9923bcb24b27cc334df0f4525c5d3c4d34a083c0dbc1aecafbc3b2f9ec70704d4fa7e942d4e4c6013de9f3a4b54395372774cc98ed4c17c36a6d71d48ef5d6c5a70bbb62d2af2067a52c5a7f9b22b1519ae80c221b07e3f86b35abb952765639eb4f0e5b4ea6475c9071d2a5b7f0adbfda32a4a8073c0adfb58f6db0c0ebcd5ab5dbe76d2704f38ad0caf6460eafaaae89716b032eef37b9ed5a91b89115c7423358fe39b559e7b2c2fcc33cfe35ad6cbb2de35f4515b526f99a30c4463ece325bb25a28a2b738c28a28a00f933c5ff00f23aebdff611b8ff00d18d58b5b5e2ff00f91db5effb08dc7fe8c6ac5a061451450014514500145145001451450015ecbf01baf883feddff00f6ad78d57b27c07ebe20ff00b77ffdab401ecd4b494b4082969052d0015c678e2c5648e1b9db9d8c327f1aeceb3b5bb5177a6c9191938cd44d5e2d1a52972cd33cf34fd4d24bd75887dd3835b6d12799988029d88ae574dd2e7b6d565909fddb1e95d14504abcc6c7e84d70cadb1eaa5adcbcb6a08e053258163525c818a68fb5aa72c98fa573fab6aaf031469013e80d4a4513ea37d1428d8c72303dcd2f856ddd6733c83124a7247a561daab5d4eb23e48cf009aeef448402adb718ab7a2b0947ab3b6b33b201ee2b23518e5b4bc1770a168cf0ea3b0f5ad78245310f51514d28c1e011e86afa182dcce3a8594cb9de99ee0f6a80b5b31c8718a87535b341bdd5973d4af028d3b4fb4ba01a399987fbd50f566c9595cd0865b68c0fde2d589a5375b618412a7ef30f4ab96da55bc0338ddf5ab8b146aa76a81f415a289839ab94d576a2afa0c567eba3ec90457a8c43a103af6cd69c9c38155b51d3cea415647c42bd81c526b41c1a524d9425b84d663b797ba8e6afa8c2815143691dac6b1c630a2a5ade8c5a57672e2649cb956c85a28a2b639828a28a00f933c5fff0023b6bdff00611b8ffd18d58b5b5e2fff0091db5eff00b08dc7fe8c6ac5a061451450014514500145145001451450015ec9f01faf883feddfff006ad78dd7b27c07ebe20ffb77ff00dab401ecd4520a5a042d2d252d002d359432953d08c52d1401c7eafa79b3b969234f91ce781d2a9a4db5c29e95dccf12cb13065cf15e7d7a1a1bc208e335c75a9f2bba3d1c35572567d09b53d445bd9b1ef8e2b89f25ef2732b938278cd759aae9ef73691b81c0393584d35bda36c94807159c4ea93e82420da270335d4e87ad40630b2655c7a8ae7a1b8b59c643022ad4296a1f271f950c71527b1e8b65aadb9899720b76a47bd7964d88831ea6b95b18e2332b07c283d2ba88846b1021c0a69dc894545ec25cdbc73da3c722e491d71d2b90b1bb9b40d57c99598c2c7e53e95d8cb7112264c8bf89ae6f5816b7e0a2952e01e9cd121a76d0ef6ceed6e6dd5948208ab20e05719e059e77b668252484e84d76a17b9ab8bba39a6b95d8a8ec3cdf9ba5125c2fdd4a8ee305c8a8be95b421757673d4aad3b21c4e692928ad8e76ee2d2d2514085a28a4a00f937c5fff0023aebdff00611b8ffd18d58b5b5e2fff0091d75eff00b08dc7fe8c6ac5a061451450014514500145145001451450015ec9f01faf883feddfff006ad78dd7b27c07ebe20ffb77ff00dab401ecb4b4828a043a8a4a5a002969296800ea315c66bd6e63be271f29aeceb235eb23716de620f9939aceac79a26d427cb32959225ce92e9fc4a0d79ff89f401748ec8f871debadd375116f2344e31918acfbf70f70c3f849cd716ab53d2d1e8ce3bc2304504ff65bc2431700135ead65e0db39aec65818c73d7ad7072e9e166f363033d78abf677d776f39649dc1ee198d5f32ea8a8529b5ee33d16d3c1d6a970ff30db8f947a5483c3a8d115924c00c7bf6ae2ed759d559f09375f506ba3b1b1b992df2f70cccc727934d38bd90a70a90f8e461788f4e47cda69f2979c9c1c76154f4ff000dcda52069e4324846093debbab6d363b526461ba43d49aab71189ef157f8454c9682e74d92f872c459da648c3375adc2f8439355e22100551c53659093b57a9ad22ac8e793e6772191b739a65291838ef495d51d8e19bbc98b45252d324296928a005a28cd1401f26f8bffe475d7bfec2371ffa31ab16b6bc5fff0023aebdff00611b8ffd18d58b40c28a28a0028a28a0028a28a0028a28a002bd93e03f5f107fdbbffed5af1baf63f80fd75fff00b77ffdab401ecb4b494b4085a29052d002d1494b40050ca19483c8a28a00e2b5dd35adae0ca99da7918f5ac304bbe58f4af42d62013e9f2f1960a48af33f31e2b968df839eb5c956167a1df42a73475e86a080b0e2ad456c08c6ce7e9515b480c5d79ad5b3dadd7a56099d8bba1f6702a37dc1d2ba6b125631d31595004ddd0569c6d80141ebef5a2329bbee5b77cf3cfa55464d8f9c726ac2b00393c55496e13732a9c9aaf532bf62632945ce7ad5cb588ec32bf5354ace06918492f41d056a48e0478029dc4d19ee72e7eb495cb3f8daca3d68e9f36524ddb471d79ae9bcd4ca8dc32c3201aea8bba3867169ea3e969052d32428a28a0028a4a5a00f93bc5fff0023aebdff00611b8ffd18d58b5b5e2fff0091d75eff00b08dc7fe8c6ac5a061451450014514500145145001451450015ec7f023fe63ff00f6efff00b56bc72bd8fe047fcc7ffeddff00f6ad007b20e94b4d14ea0428a5a6d2d002d14514005145266801970bbeddd7d4579ceab6e1a5765e1949af4862021cf4af3fbd757bd980e46e35cf5f4499d785d5b473a9ab35bcdb1c62ba5d335589e33961bab1aeb4f8e763f2f34db7f0fdc37285856374cea5cc8eaa1d495780c2aca6ab8eaf823d0d73b0e8779bf69638f5c56f69de1b2ec0c8c4d0365d4d466ba1b23cd6ad8d9150259865bd2ac5ae9d0da4602af356370a7af522eb643c36d14a4e45425b27029d2ca2184b1ebd85324f3ad4fc28babf8fada489798f0ed8f4cd74de3cb6934ab6b6beb662a63c21c77c9ae9f41d2442ef7b32e6593a1f6ac7f88b346da62db9e5cb0207e35d104d47539aa494a7a14743d53edf6c379f9c0ad8ae1f4b925b28124c575d677a9731839c1f4ab4632562d514b462992251451401f2778bff00e475d7bfec2371ff00a31ab16b6bc5ff00f23aebdff611b8ff00d18d58b40c28a28a0028a28a0028a28a0028a28a002bd8be047fcc7ffeddff00f6ad78ed7b17c0aff98f7fdbbffed5a00f6306969b4a2810fa29b9a5cd002d2e69b9a5a005a434d7916352cec001eb5ca6b9e2d8ad83456c433f4c8e945c695c5f1cf88068da24ac8c048c0815c67872fdb50b1333b6589e6b37c7f737173e1d826909f9a46cfe554fc037a0da9818f39cf35856578dceaa1eecac768df2b83e86b76c65594201c56249c1cd4fa7dc986e547f0e6b90ed47628234dbc0cd5e81c638159f132caa0e39ab6adb056a8c996a494914c5626ab3499a8a5bf8ad22324ac001ef4058d19278ade32f23000549a5da3ea730b9994ac2a7e453dcd6268b6d3f892fbed12865b343900f1babbf8a3482258e350aaa30056d4e9df566156a5b44123ac10963c2a8af26f11ea4754d6881cc7192063a5755e35f102da5a9b585c79add707b579dd94ac672f27e24d6ed98451b25005da3a62abadcbda4e1d5cf07a6695e7ca82bd31546e0ab10777348676ba6eab15e4632407e95a55e6715e3dbc81a22462badd235e8ee144729c3fa9a2e44a3d8dea29032b8ca9047b52d320f93bc5fff0023aebdff00611b8ffd18d58b5b5e2fff0091d75eff00b08dc7fe8c6ac5a061451450014514500145145001451450015ec3f02bfe63ff00f6efff00b56bc7abd87e057fcc7ffeddff00f6ad007b1034b9a6d14087e68a68354ef353b7b242647031da81d8bc480324e2b2b51d7ad6c10ee705fd2b96d53c5924c592dced5f5ae4aeae279e5decc4e4f39a9722d43b9bdaa78a2ef50768e36291fb1ac0b8fdd2162724f5f7a7af4e07cd5575093640e09a8344ac743e24d2bedff0e9670b968999bf415e5de1abe6b2bd03247cd5efda4597f68f80a6b52b9324640fc715f3cdfdbb699ad4f091828e455495d0a2ecee7af4774b716e9229ce455ab39236907635c5787f552f008c9e95d04372a24eb835c6e363b94ae77b6538551cf157e4bb509d6b8bb7d4b031baa69b5175849dddb8a1c8394d7d435b8ace327396ec2a2d0b46bdf14dd2dc5dee4b207214ff001527863c2336b572b7b7f9f201caa9ef5ead6b6b15a42b14281517a015d14e95f5673d5ab6d22259da43656c9040812351800554d6b534d32c24989f980e2b458e066bccbc77aa19a75b657f901e9ebc5743d0e55a9c6ea7a849a8dfb4b231c97e3e9566df2ea770e6a8e628c9071bc8e2a48e49046595aa0d0bb24c522daa391daa94f36587186ed507db240c493c1a6cac6421c1cd0039e700648e944778cd22ed18c77a88e7b25424bb29c7cb8348675fa7eb53c0065f728ea335d3596b16f76000d86af39b5908833bb935792e0db42ae4e31d69a6438a678bf8b883e34d748e8751b8ff00d18d58b5a3aebf99e22d4dff00bd7729fcdcd67551985145140051451400514514005145140055cb2d4afb4d98cd617971692b2ec2f04ad1b15c838c83d381f9553a280367fe12df11ff00d0c1ab7fe06c9fe347fc25be23ff00a18356ff00c0d93fc6b1a8a00d9ff84b7c47ff004306adff0081b27f8d452f88f5c9f89759d464ff007ee9cff5acba2802eff6b6a5ff00410baffbfcdfe349fdaba87fcffdd7fdfe6ff1aa945005b1aaea23a5fdd7fdfe6ff1a46d4afe4187bdb9607d6563fd6aad1405cd687c51e20b78bca835dd4e28ff00b8977228fc81acf96e279e569669a49246396776249fa935051401623bdb987fd5dccc9feec8454bfdada9039fed0bbffbfcdfe354a8a2c8776680d6b551d352bc1f49dbfc694ebbabb0c1d52f48f7b87ff1acfa29590733ee6dc3e31f13db208e0f11eaf1463a2a5f4aa3f20d4fff0084e7c5dff434eb7ff83097ff008aac0a2988df3e38f171ebe29d6fff000612ff00f155526f116b770fbe7d675095bd5ee9d8fea6b2e8a00bc759d509c9d4af09f533b7f8d386b9ab0181aa5e81e9f687ff001aa145005dfed8d4cffcc46f3feffb7f8d1fdb3aa631fda5798ffaeedfe354a8a00bdfdb5aaffd04ef3feffb7f8d27f6c6a7ff00412bcffbfedfe354a8a00bc359d500c0d4af00f69dbfc694eb9ab9186d52f48f4370ff00e35428a004a28a2800a28a2800a28a2800a28a2800a28a2800a28a2800a28a2800a28a2800a28a2800a28a2800a28a2800a28a2800a28a2800a28a2800a28a2800a28a2800a28a2800a28a2800a28a2800a28a2800a28a2800a28a2800a28a2800a28a2800a28a2800a28a2800a28a2800a28a2800a28a2800a28a2800a28a2800a28a2800a28a2800a28a2800a28a2800a28a2800a28a2800a28a2800a28a2800a28a2800a28a2803ffd9
\.


--
-- Data for Name: quiz_results; Type: TABLE DATA; Schema: public; Owner: courseruser
--

COPY public.quiz_results (id, completed_at, max_score, quiz_id, score, user_id) FROM stdin;
1	2026-06-08 16:29:14.313753	1000	1	400	1
2	2026-06-28 23:40:05.305577	100	27	100	5
\.


--
-- Data for Name: quiz_share_codes; Type: TABLE DATA; Schema: public; Owner: courseruser
--

COPY public.quiz_share_codes (id, active, code, created_at, created_by_user_id, expires_at, quiz_id) FROM stdin;
\.


--
-- Data for Name: quizzes; Type: TABLE DATA; Schema: public; Owner: courseruser
--

COPY public.quizzes (id, title, owner_user_id) FROM stdin;
2	Informatyka	\N
1	Geografia	\N
23	Historia	\N
27	Ważny quiz	5
\.


--
-- Data for Name: users; Type: TABLE DATA; Schema: public; Owner: courseruser
--

COPY public.users (id, created_at, display_name, email, last_login, password, quizzes_completed, role, total_score, username, auth_provider, google_id) FROM stdin;
2	2026-06-08 16:20:33.748019	matmich	matmich77@email.com	\N	$2a$10$CLWWQQ.nZNTuwRdnFeFVZ.I/zyeBk7lLE6dcnzoHF9SZj4dASyYw6	0	STUDENT	0	matmich77@email.com	\N	\N
3	2026-06-08 16:20:58.491247	matmich	matmich88@email.com	\N	$2a$10$/1IvYpCqoUohZixFlsI3SuneNei/1P.SMnlputV/BKLVHBLI0vWsq	0	STUDENT	0	matmich88@email.com	\N	\N
1	2026-06-08 15:42:27.577439	Matmich	matmich@email.com	2026-06-08 16:28:34.43941	$2a$10$/yqQ27wd/FkvUor58LmjfucQ91ccvHjJtaPyBfFccA5j8Po0a1xHS	0	STUDENT	0	matmich@email.com	\N	\N
5	2026-06-28 23:32:15.875429	\N	mati1mich@gmail.com	2026-06-28 23:35:48.92303	$2a$10$KYFumOT7ctD2/CHJOTe3O.3w4D5ux1s9TxRACE5B3kTXJka91Apxa	0	STUDENT	0	matimich	\N	\N
\.


--
-- Name: answers_id_seq; Type: SEQUENCE SET; Schema: public; Owner: courseruser
--

SELECT pg_catalog.setval('public.answers_id_seq', 154, true);


--
-- Name: questions_id_seq; Type: SEQUENCE SET; Schema: public; Owner: courseruser
--

SELECT pg_catalog.setval('public.questions_id_seq', 61, true);


--
-- Name: quiz_results_id_seq; Type: SEQUENCE SET; Schema: public; Owner: courseruser
--

SELECT pg_catalog.setval('public.quiz_results_id_seq', 2, true);


--
-- Name: quiz_share_codes_id_seq; Type: SEQUENCE SET; Schema: public; Owner: courseruser
--

SELECT pg_catalog.setval('public.quiz_share_codes_id_seq', 1, false);


--
-- Name: quizzes_id_seq; Type: SEQUENCE SET; Schema: public; Owner: courseruser
--

SELECT pg_catalog.setval('public.quizzes_id_seq', 27, true);


--
-- Name: users_id_seq; Type: SEQUENCE SET; Schema: public; Owner: courseruser
--

SELECT pg_catalog.setval('public.users_id_seq', 5, true);


--
-- Data for Name: BLOBS; Type: BLOBS; Schema: -; Owner: -
--

BEGIN;

SELECT pg_catalog.lo_open('16457', 131072);
SELECT pg_catalog.lowrite(0, '\xffd8ffe000104a46494600010200000100010000ffdb004300080606070605080707070909080a0c140d0c0b0b0c1912130f141d1a1f1e1d1a1c1c20242e2720222c231c1c2837292c30313434341f27393d38323c2e333432ffdb0043010909090c0b0c180d0d1832211c213232323232323232323232323232323232323232323232323232323232323232323232323232323232323232323232323232ffc0001108012d012d03012200021101031101ffc4001f0000010501010101010100000000000000000102030405060708090a0bffc400b5100002010303020403050504040000017d01020300041105122131410613516107227114328191a1082342b1c11552d1f02433627282090a161718191a25262728292a3435363738393a434445464748494a535455565758595a636465666768696a737475767778797a838485868788898a92939495969798999aa2a3a4a5a6a7a8a9aab2b3b4b5b6b7b8b9bac2c3c4c5c6c7c8c9cad2d3d4d5d6d7d8d9dae1e2e3e4e5e6e7e8e9eaf1f2f3f4f5f6f7f8f9faffc4001f0100030101010101010101010000000000000102030405060708090a0bffc400b51100020102040403040705040400010277000102031104052131061241510761711322328108144291a1b1c109233352f0156272d10a162434e125f11718191a262728292a35363738393a434445464748494a535455565758595a636465666768696a737475767778797a82838485868788898a92939495969798999aa2a3a4a5a6a7a8a9aab2b3b4b5b6b7b8b9bac2c3c4c5c6c7c8c9cad2d3d4d5d6d7d8d9dae2e3e4e5e6e7e8e9eaf2f3f4f5f6f7f8f9faffda000c03010002110311003f00f9fe8a28a0028a28a0028a28a0028a28a0028a28a0028a28a0028a28a0028a28a0028a28a0028a28a0028a28a0028a28a0028a28a0028a28a0028a28a0028a28a0028a28a0028a28a0028a28a0028a28a0028a28a0028a28a0028a28a0028a28a0028a28a0028a28a0028a28a0028a28a0028a28a0028a28a0028a28a0028a28a0028a28a0028a28a0028a28a0028a28a0028a28a0028a28a0028a28a0028a28a0028a2bb1f02f81a4f1acd7c05fa5a456aa8598c464666627000c8e3e56c9cfa7073c0071d457b1ff00c287ff00a993ff00247ffb652ffc286ffa993ff247ff00b650078dd15ec9ff000a1bfea64ffc91ff00ed947fc286ff00a993ff00247ffb650078dd15ec9ff0a1bfea64ff00c91ffed947fc286ffa993ff247ff00b650078dd15ec9ff000a1bfea64ffc91ff00ed947fc286ff00a993ff00247ffb650078dd15ec9ff0a1bfea64ff00c91ffed947fc286ffa993ff247ff00b650078dd15ec9ff000a1bfea64ffc91ff00ed947fc287ff00a993ff00247ffb650078dd15ec9ff0a1bfea64ff00c91ffed947fc286ffa993ff247ff00b650078dd15ec9ff000a1bfea64ffc91ff00ed947fc286ff00a993ff00247ffb650078dd15ec9ff0a1bfea64ff00c91ffed947fc2863ff004327fe48ff00f6ca00f1ba2bd93fe1431ffa193ff247ff00b652ff00c2853ff4327fe48fff006ca00f1aa2bd97fe1429ff00a1947fe00fff006ca3fe142ffd4c9ff923ff00db2803c6a8af65ff00850bff00532ffe48ff00f6ca5ff8509ff532ff00e48fff006ca00f19a2bd9bfe1427fd4cbff923ff00db293fe142ff00d4cbff00923ffdb2803c6a8abba8d849a5ea975a7cecad2daccf0b9424a96562a719c719154a800a28a2800a28a2800a28a2800a28a2800af63f80fd75ff00fb77ff00dab5e395ec9f01faf883feddff00f6ad007b25145140828a28a0028a28a0028a28a0028a8e69e3b78cc92b8551ea6bce3c49f1256de47b6b050d8382fc8a4da4528b7b1e85737d6d6885a699107b9c57377de3ed2accb2872e47f77915e3da87896ff537633dc48ea7f849ac9f318f009c1f4a873ec6aa92ea7af4df14ed147eee273f55a5b7f8a964ec0491b8ff0080d794189b68ea73da94418ea2a7da32fd944f76d3fc6fa4df90166d84ff0078e2b7e1bbb7b8198a647fa366be6c5b46cee4c822afda6bbac69332b437126c07eee7029aa9dc8747b1f45819a3b579ff00863e22c17e160d414432f40464e7f135df432a4d1878d8329e4106b44ee64e2d6e3852d14b8a64898a5a28a0614514b4084a2968a00f937c5fff0023aebdff00611b8ffd18d58b5b5e2fff0091d75eff00b08dc7fe8c6ac5a061451450014514500145145001451450015ec9f01ffe660ffb77ff00dab5e375ec9f01faf883feddff00f6ad007b2514b8a502810da5a5c0a302801314014ea4c500181505ddd4567034b2b05551926a591c468598e0019af30f126b736bda81b0b427c85386607ad4ca4a2aecb841cdd9199e2cf155deb339b5b12c2107048ef5c99d227232c0926bd074ff000fc50a8e32ddcd6aae8b130c141f95724aadd9e8c28248f233a3c8ad92a40abf6da4aba63d7dabd37fe11e81b8282aeda787ad97fe59d2f683f6491e62ba0ceed84ce3e95763f0bdc14c6c27f0af568f48b64c62319abf1d8c606020fca973363e58a3cb2c3c2d3370f19ebdc569c9e0b5922e53071e95e8f1d920e4a81f853cdba9edc51ef073476b1e19aa7846e2d198aa11e840ad7f0978aee74aba5b1bf72613c027b57a9dc58452a9565047d2b8af11782a3991a7b605580ce055c66e2f5339d38c96877504c97112c91b02ac320d495e6fe0fd6ee74fbc3a5df31db9c213fcabd2072335d7195d5ce09c5c5d9852d14532028a28a0028a28a00f937c5fff0023aebdff00611b8ffd18d58b5b5e2fff0091d75eff00b08dc7fe8c6ac5a061451450014514500145145001451450015ecbf01baf883feddfff006ad78d57b27c07ebe20ffb77ff00dab401ecd4bda928a041451450002968a2819cbf8d7573a7e966288fefa4e0572fe1fd3bc9803b8cc8fc926ae78a0ff68788a287aac3906b46d50000018c571d796b63d0c2c2d1b9a16d02851815712dc13d2a0b7183ed5ad128205611573a24ec42b6c3d2acc700535612318a90462b55132722248c672454eaa3d2942015222fb552443626ca4f2eac05a7041e95562798a2d1d44f106183deb4193d2a074ef52d14a479b78b74336d28bdb718653bb8ae93c31a97f68e951b31cc88006fad5ed66dc5c59ba919e2b94f08bfd9752b8b4391b98903e82b4a4ecec675e378f31dbd14515d0710b8e28cd252d002514b45007c99e2ff00f91d75effb08dc7fe8c6ac5adaf17ffc8ebaf7fd846e3ff463562d030a28a2800a28a2800a28a2800a28a2800af64f80fd7c41ff006eff00fb56bc6ebd97e0375f107fdbbffed5a00f65a28a2810514b450014d95b642ede8a4d3ea0be3b6c273ff4cdbf950079d2cbf68d66ea63cee7e2b7ad6339cf5ae674e25e62dea79aeaed582a8f535e754d64cf629ab452346dd3a55f8b00f5aa1138ea2aea1030684122fc7d29e3938aae8f85cd49138dd5a18b45923029eac2aa492e0e29e8c5ba555c562ea104d4b5047c0e6a4dc00aa466c7374a8245c8e2a42c09a639c7d28608cdbb4cc6d9ae2d617b4f12c728e14822bb8b9c329ae5f528f6ddc6f8fe21fcea63a491a4b58347483a5148bf7453abacf3828a28a0028a28a00f933c5fff0023aebdff00611b8ffd18d58b5b5e2fff0091d75eff00b08dc7fe8c6ac5a061451450014514500145145001451450015ecbf01baf883feddfff006ad78d57b2fc05e9e20ffb76ff00dab401ecb4514b40828a296800aaf7fcd84fff005cdbf9558150deff00c78cff00f5cdbf95008f35d38053915d0c0dd2b95b4bd8e1665661907a66adcdad8488f960e7e95e74a2db3d78c9729d5a4c8060b81f5a78d4a28b8322fe75e6d3ea979383b0b026b22e27d537eef34e3eb571a64caa23da21d4e37180e2afdbceadd0d78659eb3a8c32a877257d8d767a578b238d809988c7ad271698d38c8f446396dc69eb7f0c20ee61c0f5ae664f1243259bc9112db464e39ac39b5a9e742cb136df5229dec1cb7dcebef3c65a7dae4190647bd476de35b0b9190e33f5af2ad42e15a5265c649e829964234937a79a71d874aabb2395763dbed35682e71b181cfbd6916c8eb5e47a76a8fb82c448c761d6ba34f104f144339cf6cd0984a1d8eba6209e0d73faa280e87fdb1fceb0e3f1b4df6a68a6840da339c5581ae41a93a2e0a9c8c669f2bdc9525b1d6a1ca034fa8a1ff54b52d759e705145140051451401f2678bffe475d7bfec2371ffa31ab16b6bc5fff0023aebdff00611b8ffd18d58b40c28a28a0028a28a0028a28a0028a28a002bd97e02f4f107fdbb7fed5af1aaf64f80fd7c41ff6efff00b56803d9a81452d020a5a4a5a002b135dd661b3b7920c8323a10056dd792f8f4ddc1e2080c6c42b7f8d454934b436a105395999565672c97b27983273deb467b6daa30db40ea056969c8259f047201c9fc2b3aead269770407935cb295ecced8c126d196d2cb24ff0067b550cddc938ac4bcb8bf5be36d27cac067e53915d4d9e9525bb64e73d775586d120763232e5fae69a94503849f5388cdcdbdd4618960fc8e6b66e6d9a75896341e63568368c0dc79853a74357b4b852e35748c8ddb0f3ed439212835a327b1d26ff4db0ccab98641f31073815d2ea16823d2105ba804a678fa5753169f1dd698d6eca36b2e2b2fecfbe07814fcca4ae3daa6d75a96a493b1e4b3e9923bcb24b27cc334df0f4525c5d3c4d34a083c0dbc1aecafbc3b2f9ec70704d4fa7e942d4e4c6013de9f3a4b54395372774cc98ed4c17c36a6d71d48ef5d6c5a70bbb62d2af2067a52c5a7f9b22b1519ae80c221b07e3f86b35abb952765639eb4f0e5b4ea6475c9071d2a5b7f0adbfda32a4a8073c0adfb58f6db0c0ebcd5ab5dbe76d2704f38ad0caf6460eafaaae89716b032eef37b9ed5a91b89115c7423358fe39b559e7b2c2fcc33cfe35ad6cbb2de35f4515b526f99a30c4463ece325bb25a28a2b738c28a28a00f933c5ff00f23aebdff611b8ff00d18d58b5b5e2ff00f91db5effb08dc7fe8c6ac5a061451450014514500145145001451450015ecbf01baf883feddff00f6ad78d57b27c07ebe20ff00b77ffdab401ecd4b494b4082969052d0015c678e2c5648e1b9db9d8c327f1aeceb3b5bb5177a6c9191938cd44d5e2d1a52972cd33cf34fd4d24bd75887dd3835b6d12799988029d88ae574dd2e7b6d565909fddb1e95d14504abcc6c7e84d70cadb1eaa5adcbcb6a08e053258163525c818a68fb5aa72c98fa573fab6aaf031469013e80d4a4513ea37d1428d8c72303dcd2f856ddd6733c83124a7247a561daab5d4eb23e48cf009aeef448402adb718ab7a2b0947ab3b6b33b201ee2b23518e5b4bc1770a168cf0ea3b0f5ad78245310f51514d28c1e011e86afa182dcce3a8594cb9de99ee0f6a80b5b31c8718a87535b341bdd5973d4af028d3b4fb4ba01a399987fbd50f566c9595cd0865b68c0fde2d589a5375b618412a7ef30f4ab96da55bc0338ddf5ab8b146aa76a81f415a289839ab94d576a2afa0c567eba3ec90457a8c43a103af6cd69c9c38155b51d3cea415647c42bd81c526b41c1a524d9425b84d663b797ba8e6afa8c2815143691dac6b1c630a2a5ade8c5a57672e2649cb956c85a28a2b639828a28a00f933c5fff0023b6bdff00611b8ffd18d58b5b5e2fff0091db5eff00b08dc7fe8c6ac5a061451450014514500145145001451450015ec9f01faf883feddfff006ad78dd7b27c07ebe20ffb77ff00dab401ecd4520a5a042d2d252d002d359432953d08c52d1401c7eafa79b3b969234f91ce781d2a9a4db5c29e95dccf12cb13065cf15e7d7a1a1bc208e335c75a9f2bba3d1c35572567d09b53d445bd9b1ef8e2b89f25ef2732b938278cd759aae9ef73691b81c0393584d35bda36c94807159c4ea93e82420da270335d4e87ad40630b2655c7a8ae7a1b8b59c643022ad4296a1f271f950c71527b1e8b65aadb9899720b76a47bd7964d88831ea6b95b18e2332b07c283d2ba88846b1021c0a69dc894545ec25cdbc73da3c722e491d71d2b90b1bb9b40d57c99598c2c7e53e95d8cb7112264c8bf89ae6f5816b7e0a2952e01e9cd121a76d0ef6ceed6e6dd5948208ab20e05719e059e77b668252484e84d76a17b9ab8bba39a6b95d8a8ec3cdf9ba5125c2fdd4a8ee305c8a8be95b421757673d4aad3b21c4e692928ad8e76ee2d2d2514085a28a4a00f937c5fff0023aebdff00611b8ffd18d58b5b5e2fff0091d75eff00b08dc7fe8c6ac5a061451450014514500145145001451450015ec9f01faf883feddfff006ad78dd7b27c07ebe20ffb77ff00dab401ecb4b4828a043a8a4a5a002969296800ea315c66bd6e63be271f29aeceb235eb23716de620f9939aceac79a26d427cb32959225ce92e9fc4a0d79ff89f401748ec8f871debadd375116f2344e31918acfbf70f70c3f849cd716ab53d2d1e8ce3bc2304504ff65bc2431700135ead65e0db39aec65818c73d7ad7072e9e166f363033d78abf677d776f39649dc1ee198d5f32ea8a8529b5ee33d16d3c1d6a970ff30db8f947a5483c3a8d115924c00c7bf6ae2ed759d559f09375f506ba3b1b1b992df2f70cccc727934d38bd90a70a90f8e461788f4e47cda69f2979c9c1c76154f4ff000dcda52069e4324846093debbab6d363b526461ba43d49aab71189ef157f8454c9682e74d92f872c459da648c3375adc2f8439355e22100551c53659093b57a9ad22ac8e793e6772191b739a65291838ef495d51d8e19bbc98b45252d324296928a005a28cd1401f26f8bffe475d7bfec2371ffa31ab16b6bc5fff0023aebdff00611b8ffd18d58b40c28a28a0028a28a0028a28a0028a28a002bd93e03f5f107fdbbffed5af1baf63f80fd75fff00b77ffdab401ecb4b494b4085a29052d002d1494b40050ca19483c8a28a00e2b5dd35adae0ca99da7918f5ac304bbe58f4af42d62013e9f2f1960a48af33f31e2b968df839eb5c956167a1df42a73475e86a080b0e2ad456c08c6ce7e9515b480c5d79ad5b3dadd7a56099d8bba1f6702a37dc1d2ba6b125631d31595004ddd0569c6d80141ebef5a2329bbee5b77cf3cfa55464d8f9c726ac2b00393c55496e13732a9c9aaf532bf62632945ce7ad5cb588ec32bf5354ace06918492f41d056a48e0478029dc4d19ee72e7eb495cb3f8daca3d68e9f36524ddb471d79ae9bcd4ca8dc32c3201aea8bba3867169ea3e969052d32428a28a0028a4a5a00f93bc5fff0023aebdff00611b8ffd18d58b5b5e2fff0091d75eff00b08dc7fe8c6ac5a061451450014514500145145001451450015ec7f023fe63ff00f6efff00b56bc72bd8fe047fcc7ffeddff00f6ad007b20e94b4d14ea0428a5a6d2d002d14514005145266801970bbeddd7d4579ceab6e1a5765e1949af4862021cf4af3fbd757bd980e46e35cf5f4499d785d5b473a9ab35bcdb1c62ba5d335589e33961bab1aeb4f8e763f2f34db7f0fdc37285856374cea5cc8eaa1d495780c2aca6ab8eaf823d0d73b0e8779bf69638f5c56f69de1b2ec0c8c4d0365d4d466ba1b23cd6ad8d9150259865bd2ac5ae9d0da4602af356370a7af522eb643c36d14a4e45425b27029d2ca2184b1ebd85324f3ad4fc28babf8fada489798f0ed8f4cd74de3cb6934ab6b6beb662a63c21c77c9ae9f41d2442ef7b32e6593a1f6ac7f88b346da62db9e5cb0207e35d104d47539aa494a7a14743d53edf6c379f9c0ad8ae1f4b925b28124c575d677a9731839c1f4ab4632562d514b462992251451401f2778bff00e475d7bfec2371ff00a31ab16b6bc5ff00f23aebdff611b8ff00d18d58b40c28a28a0028a28a0028a28a0028a28a002bd8be047fcc7ffeddff00f6ad78ed7b17c0aff98f7fdbbffed5a00f6306969b4a2810fa29b9a5cd002d2e69b9a5a005a434d7916352cec001eb5ca6b9e2d8ad83456c433f4c8e945c695c5f1cf88068da24ac8c048c0815c67872fdb50b1333b6589e6b37c7f737173e1d826909f9a46cfe554fc037a0da9818f39cf35856578dceaa1eecac768df2b83e86b76c65594201c56249c1cd4fa7dc986e547f0e6b90ed47628234dbc0cd5e81c638159f132caa0e39ab6adb056a8c996a494914c5626ab3499a8a5bf8ad22324ac001ef4058d19278ade32f23000549a5da3ea730b9994ac2a7e453dcd6268b6d3f892fbed12865b343900f1babbf8a3482258e350aaa30056d4e9df566156a5b44123ac10963c2a8af26f11ea4754d6881cc7192063a5755e35f102da5a9b585c79add707b579dd94ac672f27e24d6ed98451b25005da3a62abadcbda4e1d5cf07a6695e7ca82bd31546e0ab10777348676ba6eab15e4632407e95a55e6715e3dbc81a22462badd235e8ee144729c3fa9a2e44a3d8dea29032b8ca9047b52d320f93bc5fff0023aebdff00611b8ffd18d58b5b5e2fff0091d75eff00b08dc7fe8c6ac5a061451450014514500145145001451450015ec3f02bfe63ff00f6efff00b56bc7abd87e057fcc7ffeddff00f6ad007b1034b9a6d14087e68a68354ef353b7b242647031da81d8bc480324e2b2b51d7ad6c10ee705fd2b96d53c5924c592dced5f5ae4aeae279e5decc4e4f39a9722d43b9bdaa78a2ef50768e36291fb1ac0b8fdd2162724f5f7a7af4e07cd5575093640e09a8344ac743e24d2bedff0e9670b968999bf415e5de1abe6b2bd03247cd5efda4597f68f80a6b52b9324640fc715f3cdfdbb699ad4f091828e455495d0a2ecee7af4774b716e9229ce455ab39236907635c5787f552f008c9e95d04372a24eb835c6e363b94ae77b6538551cf157e4bb509d6b8bb7d4b031baa69b5175849dddb8a1c8394d7d435b8ace327396ec2a2d0b46bdf14dd2dc5dee4b207214ff001527863c2336b572b7b7f9f201caa9ef5ead6b6b15a42b14281517a015d14e95f5673d5ab6d22259da43656c9040812351800554d6b534d32c24989f980e2b458e066bccbc77aa19a75b657f901e9ebc5743d0e55a9c6ea7a849a8dfb4b231c97e3e9566df2ea770e6a8e628c9071bc8e2a48e49046595aa0d0bb24c522daa391daa94f36587186ed507db240c493c1a6cac6421c1cd0039e700648e944778cd22ed18c77a88e7b25424bb29c7cb8348675fa7eb53c0065f728ea335d3596b16f76000d86af39b5908833bb935792e0db42ae4e31d69a6438a678bf8b883e34d748e8751b8ff00d18d58b5a3aebf99e22d4dff00bd7729fcdcd67551985145140051451400514514005145140055cb2d4afb4d98cd617971692b2ec2f04ad1b15c838c83d381f9553a280367fe12df11ff00d0c1ab7fe06c9fe347fc25be23ff00a18356ff00c0d93fc6b1a8a00d9ff84b7c47ff004306adff0081b27f8d452f88f5c9f89759d464ff007ee9cff5acba2802eff6b6a5ff00410baffbfcdfe349fdaba87fcffdd7fdfe6ff1aa945005b1aaea23a5fdd7fdfe6ff1a46d4afe4187bdb9607d6563fd6aad1405cd687c51e20b78bca835dd4e28ff00b8977228fc81acf96e279e569669a49246396776249fa935051401623bdb987fd5dccc9feec8454bfdada9039fed0bbffbfcdfe354a8a2c8776680d6b551d352bc1f49dbfc694ebbabb0c1d52f48f7b87ff1acfa29590733ee6dc3e31f13db208e0f11eaf1463a2a5f4aa3f20d4fff0084e7c5dff434eb7ff83097ff008aac0a2988df3e38f171ebe29d6fff000612ff00f155526f116b770fbe7d675095bd5ee9d8fea6b2e8a00bc759d509c9d4af09f533b7f8d386b9ab0181aa5e81e9f687ff001aa145005dfed8d4cffcc46f3feffb7f8d1fdb3aa631fda5798ffaeedfe354a8a00bdfdb5aaffd04ef3feffb7f8d27f6c6a7ff00412bcffbfedfe354a8a00bc359d500c0d4af00f69dbfc694eb9ab9186d52f48f4370ff00e35428a004a28a2800a28a2800a28a2800a28a2800a28a2800a28a2800a28a2800a28a2800a28a2800a28a2800a28a2800a28a2800a28a2800a28a2800a28a2800a28a2800a28a2800a28a2800a28a2800a28a2800a28a2800a28a2800a28a2800a28a2800a28a2800a28a2800a28a2800a28a2800a28a2800a28a2800a28a2800a28a2800a28a2800a28a2800a28a2800a28a2800a28a2800a28a2800a28a2800a28a2800a28a2803ffd9');
SELECT pg_catalog.lo_close(0);

COMMIT;

--
-- Name: answers answers_pkey; Type: CONSTRAINT; Schema: public; Owner: courseruser
--

ALTER TABLE ONLY public.answers
    ADD CONSTRAINT answers_pkey PRIMARY KEY (id);


--
-- Name: questions questions_pkey; Type: CONSTRAINT; Schema: public; Owner: courseruser
--

ALTER TABLE ONLY public.questions
    ADD CONSTRAINT questions_pkey PRIMARY KEY (id);


--
-- Name: quiz_results quiz_results_pkey; Type: CONSTRAINT; Schema: public; Owner: courseruser
--

ALTER TABLE ONLY public.quiz_results
    ADD CONSTRAINT quiz_results_pkey PRIMARY KEY (id);


--
-- Name: quiz_share_codes quiz_share_codes_pkey; Type: CONSTRAINT; Schema: public; Owner: courseruser
--

ALTER TABLE ONLY public.quiz_share_codes
    ADD CONSTRAINT quiz_share_codes_pkey PRIMARY KEY (id);


--
-- Name: quizzes quizzes_pkey; Type: CONSTRAINT; Schema: public; Owner: courseruser
--

ALTER TABLE ONLY public.quizzes
    ADD CONSTRAINT quizzes_pkey PRIMARY KEY (id);


--
-- Name: users uk_6dotkott2kjsp8vw4d0m25fb7; Type: CONSTRAINT; Schema: public; Owner: courseruser
--

ALTER TABLE ONLY public.users
    ADD CONSTRAINT uk_6dotkott2kjsp8vw4d0m25fb7 UNIQUE (email);


--
-- Name: users uk_ovh8xmu9ac27t18m56gri58i1; Type: CONSTRAINT; Schema: public; Owner: courseruser
--

ALTER TABLE ONLY public.users
    ADD CONSTRAINT uk_ovh8xmu9ac27t18m56gri58i1 UNIQUE (google_id);


--
-- Name: quiz_share_codes uk_quiz_share_codes_code; Type: CONSTRAINT; Schema: public; Owner: courseruser
--

ALTER TABLE ONLY public.quiz_share_codes
    ADD CONSTRAINT uk_quiz_share_codes_code UNIQUE (code);


--
-- Name: users uk_r43af9ap4edm43mmtq01oddj6; Type: CONSTRAINT; Schema: public; Owner: courseruser
--

ALTER TABLE ONLY public.users
    ADD CONSTRAINT uk_r43af9ap4edm43mmtq01oddj6 UNIQUE (username);


--
-- Name: users users_pkey; Type: CONSTRAINT; Schema: public; Owner: courseruser
--

ALTER TABLE ONLY public.users
    ADD CONSTRAINT users_pkey PRIMARY KEY (id);


--
-- Name: answers fk3erw1a3t0r78st8ty27x6v3g1; Type: FK CONSTRAINT; Schema: public; Owner: courseruser
--

ALTER TABLE ONLY public.answers
    ADD CONSTRAINT fk3erw1a3t0r78st8ty27x6v3g1 FOREIGN KEY (question_id) REFERENCES public.questions(id);


--
-- Name: quiz_share_codes fkma9ee5ntjs2yiohoytg9qvk6c; Type: FK CONSTRAINT; Schema: public; Owner: courseruser
--

ALTER TABLE ONLY public.quiz_share_codes
    ADD CONSTRAINT fkma9ee5ntjs2yiohoytg9qvk6c FOREIGN KEY (quiz_id) REFERENCES public.quizzes(id);


--
-- Name: questions fkn3gvco4b0kewxc0bywf1igfms; Type: FK CONSTRAINT; Schema: public; Owner: courseruser
--

ALTER TABLE ONLY public.questions
    ADD CONSTRAINT fkn3gvco4b0kewxc0bywf1igfms FOREIGN KEY (quiz_id) REFERENCES public.quizzes(id);


--
-- Name: SCHEMA public; Type: ACL; Schema: -; Owner: courseruser
--

REVOKE USAGE ON SCHEMA public FROM PUBLIC;


--
-- PostgreSQL database dump complete
--

\unrestrict QbbpvyRDUkJ9EAtHCmGnj2vdIrEj6JRutPzyXMvVqkwfZXPSffcfMdjFqlFogeF

