--
-- PostgreSQL database dump
--

\restrict AGWGrSLFBjfKJ5KO9kJbg28VBqEEJeduguAmSCrOekoDhc3lmW7R5v4hXMKg4X0

-- Dumped from database version 16.14 (Debian 16.14-1.pgdg13+1)
-- Dumped by pg_dump version 16.14 (Debian 16.14-1.pgdg13+1)

SET statement_timeout = 0;
SET lock_timeout = 0;
SET idle_in_transaction_session_timeout = 0;
SET client_encoding = 'UTF8';
SET standard_conforming_strings = on;
SELECT pg_catalog.set_config('search_path', '', false);
SET check_function_bodies = false;
SET xmloption = content;
SET client_min_messages = warning;
SET row_security = off;

--
-- Name: public; Type: SCHEMA; Schema: -; Owner: courseruser
--

-- *not* creating schema, since initdb creates it


ALTER SCHEMA public OWNER TO courseruser;

--
-- Name: SCHEMA public; Type: COMMENT; Schema: -; Owner: courseruser
--

COMMENT ON SCHEMA public IS '';


SET default_tablespace = '';

SET default_table_access_method = heap;

--
-- Name: answers; Type: TABLE; Schema: public; Owner: courseruser
--

CREATE TABLE public.answers (
    id bigint NOT NULL,
    content text,
    correct boolean NOT NULL,
    question_id bigint NOT NULL,
    answer_order integer
);


ALTER TABLE public.answers OWNER TO courseruser;

--
-- Name: answers_id_seq; Type: SEQUENCE; Schema: public; Owner: courseruser
--

ALTER TABLE public.answers ALTER COLUMN id ADD GENERATED BY DEFAULT AS IDENTITY (
    SEQUENCE NAME public.answers_id_seq
    START WITH 1
    INCREMENT BY 1
    NO MINVALUE
    NO MAXVALUE
    CACHE 1
);


--
-- Name: questions; Type: TABLE; Schema: public; Owner: courseruser
--

CREATE TABLE public.questions (
    id bigint NOT NULL,
    content text,
    quiz_id bigint NOT NULL,
    question_order integer
);


ALTER TABLE public.questions OWNER TO courseruser;

--
-- Name: questions_id_seq; Type: SEQUENCE; Schema: public; Owner: courseruser
--

ALTER TABLE public.questions ALTER COLUMN id ADD GENERATED BY DEFAULT AS IDENTITY (
    SEQUENCE NAME public.questions_id_seq
    START WITH 1
    INCREMENT BY 1
    NO MINVALUE
    NO MAXVALUE
    CACHE 1
);


--
-- Name: quiz_results; Type: TABLE; Schema: public; Owner: courseruser
--

CREATE TABLE public.quiz_results (
    id bigint NOT NULL,
    completed_at timestamp(6) without time zone NOT NULL,
    max_score integer NOT NULL,
    quiz_id bigint NOT NULL,
    score integer NOT NULL,
    user_id bigint NOT NULL
);


ALTER TABLE public.quiz_results OWNER TO courseruser;

--
-- Name: quiz_results_id_seq; Type: SEQUENCE; Schema: public; Owner: courseruser
--

CREATE SEQUENCE public.quiz_results_id_seq
    START WITH 1
    INCREMENT BY 1
    NO MINVALUE
    NO MAXVALUE
    CACHE 1;


ALTER SEQUENCE public.quiz_results_id_seq OWNER TO courseruser;

--
-- Name: quiz_results_id_seq; Type: SEQUENCE OWNED BY; Schema: public; Owner: courseruser
--

ALTER SEQUENCE public.quiz_results_id_seq OWNED BY public.quiz_results.id;


--
-- Name: quiz_share_codes; Type: TABLE; Schema: public; Owner: courseruser
--

CREATE TABLE public.quiz_share_codes (
    id bigint NOT NULL,
    active boolean NOT NULL,
    code character varying(10) NOT NULL,
    created_at timestamp(6) without time zone NOT NULL,
    created_by_user_id bigint NOT NULL,
    expires_at timestamp(6) without time zone,
    quiz_id bigint NOT NULL
);


ALTER TABLE public.quiz_share_codes OWNER TO courseruser;

--
-- Name: quiz_share_codes_id_seq; Type: SEQUENCE; Schema: public; Owner: courseruser
--

ALTER TABLE public.quiz_share_codes ALTER COLUMN id ADD GENERATED BY DEFAULT AS IDENTITY (
    SEQUENCE NAME public.quiz_share_codes_id_seq
    START WITH 1
    INCREMENT BY 1
    NO MINVALUE
    NO MAXVALUE
    CACHE 1
);


--
-- Name: quizzes; Type: TABLE; Schema: public; Owner: courseruser
--

CREATE TABLE public.quizzes (
    id bigint NOT NULL,
    title character varying(255),
    owner_user_id bigint
);


ALTER TABLE public.quizzes OWNER TO courseruser;

--
-- Name: quizzes_id_seq; Type: SEQUENCE; Schema: public; Owner: courseruser
--

ALTER TABLE public.quizzes ALTER COLUMN id ADD GENERATED BY DEFAULT AS IDENTITY (
    SEQUENCE NAME public.quizzes_id_seq
    START WITH 1
    INCREMENT BY 1
    NO MINVALUE
    NO MAXVALUE
    CACHE 1
);


--
-- Name: users; Type: TABLE; Schema: public; Owner: courseruser
--

CREATE TABLE public.users (
    id bigint NOT NULL,
    created_at timestamp(6) without time zone,
    email character varying(255) NOT NULL,
    last_login timestamp(6) without time zone,
    password character varying(255) NOT NULL,
    quizzes_completed integer,
    role character varying(255) NOT NULL,
    total_score integer,
    username character varying(255) NOT NULL,
    CONSTRAINT users_role_check CHECK (((role)::text = ANY (ARRAY[('STUDENT'::character varying)::text, ('TEACHER'::character varying)::text, ('ADMIN'::character varying)::text])))
);


ALTER TABLE public.users OWNER TO courseruser;

--
-- Name: users_id_seq; Type: SEQUENCE; Schema: public; Owner: courseruser
--

CREATE SEQUENCE public.users_id_seq
    START WITH 1
    INCREMENT BY 1
    NO MINVALUE
    NO MAXVALUE
    CACHE 1;


ALTER SEQUENCE public.users_id_seq OWNER TO courseruser;

--
-- Name: users_id_seq; Type: SEQUENCE OWNED BY; Schema: public; Owner: courseruser
--

ALTER SEQUENCE public.users_id_seq OWNED BY public.users.id;


--
-- Name: quiz_results id; Type: DEFAULT; Schema: public; Owner: courseruser
--

ALTER TABLE ONLY public.quiz_results ALTER COLUMN id SET DEFAULT nextval('public.quiz_results_id_seq'::regclass);


--
-- Name: users id; Type: DEFAULT; Schema: public; Owner: courseruser
--

ALTER TABLE ONLY public.users ALTER COLUMN id SET DEFAULT nextval('public.users_id_seq'::regclass);


--
-- Data for Name: answers; Type: TABLE DATA; Schema: public; Owner: courseruser
--

COPY public.answers (id, content, correct, question_id, answer_order) FROM stdin;
1	Kraków	f	1	0
2	Warszawa	t	1	1
3	Gdańsk	f	1	2
4	Wrocław	f	1	3
5	Afryka	f	2	0
6	Europa	f	2	1
7	Azja	t	2	2
8	Australia	f	2	3
9	Amazonka	t	3	0
10	Wisła	f	3	1
11	Nil	f	3	2
12	Odra	f	3	3
13	Hiszpania	f	4	0
14	Włochy	t	4	1
15	Francja	f	4	2
16	Norwegia	f	4	3
17	Morze Czarne	f	5	0
18	Morze Śródziemne	f	5	1
19	Morze Bałtyckie	t	5	2
20	Morze Północne	f	5	3
21	Mars	t	6	0
22	Wenus	f	6	1
23	Jowisz	f	6	2
24	Saturn	f	6	3
25	Ocean Atlantycki	f	7	0
26	Ocean Indyjski	f	7	1
27	Ocean Arktyczny	f	7	2
28	Ocean Spokojny	t	7	3
29	K2	f	8	0
30	Mount Everest	t	8	1
31	Rysy	f	8	2
32	Mont Blanc	f	8	3
33	Grecja	f	9	0
34	Turcja	f	9	1
35	Egipt	t	9	2
36	Indie	f	9	3
37	Chiny	f	10	0
38	Korea Południowa	f	10	1
39	Japonia	t	10	2
40	Tajlandia	f	10	3
41	Klawiatura	f	11	0
42	Monitor	t	11	1
43	Myszka	f	11	2
44	Drukarka	f	11	3
45	Linux	f	12	0
46	Windows	t	12	1
47	macOS	f	12	2
48	Android	f	12	3
49	Procesor	t	13	0
50	Monitor	f	13	1
51	Głośnik	f	13	2
52	Pendrive	f	13	3
53	Excel	f	14	0
54	Word	f	14	1
55	Chrome	t	14	2
56	Paint	f	14	3
57	Myszka	f	15	0
58	Klawiatura	t	15	1
59	Skaner	f	15	2
60	Router	f	15	3
61	HTML	f	16	0
62	Java	f	16	1
63	Python	f	16	2
64	JavaScript	t	16	3
65	Dysk twardy	t	17	0
66	Procesor	f	17	1
67	Karta graficzna	f	17	2
68	Wentylator	f	17	3
69	Router	t	18	0
70	Drukarka	f	18	1
71	Monitor	f	18	2
72	Projektor	f	18	3
73	Tablet	f	19	0
74	Pendrive	t	19	1
75	Laptop	f	19	2
76	Mikrofon	f	19	3
77	Samsung	f	20	0
78	Google	f	20	1
79	Apple	t	20	2
80	Intel	f	20	3
125	Atak Niemiec na Polskę w 1939 roku	t	53	0
126	Bitwa pod Grunwaldem	f	53	1
127	Lądowanie aliantów w Normandii	t	53	2
128	Zrzucenie bomb atomowych na Hiroszimę i Nagasaki	t	53	3
129	Powstanie Cesarstwa Rzymskiego	t	54	0
130	Budowa piramid w Egipcie	t	54	1
131	Odkrycie Ameryki przez Kolumba	f	54	2
132	Rewolucja francuska	f	54	3
133	Chrzest Polski	t	55	0
134	Bitwa pod Grunwaldem	t	55	1
135	Wybuch I wojny światowej	f	55	2
136	Lądowanie człowieka na Księżycu	f	55	3
137	1918	t	56	0
138	1795	f	56	1
139	1945	f	56	2
140	Bolesław Chrobry	t	57	0
141	Kazimierz Wielki	f	57	1
142	Władysław Jagiełło	f	57	2
\.


--
-- Data for Name: questions; Type: TABLE DATA; Schema: public; Owner: courseruser
--

COPY public.questions (id, content, quiz_id, question_order) FROM stdin;
1	Jaka jest stolica Polski?	1	0
2	Który kontynent jest największy?	1	1
3	Jak nazywa się najdłuższa rzeka świata?	1	2
4	Które państwo ma kształt buta?	1	3
5	Jakie morze leży nad Polską?	1	4
6	Która planeta jest nazywana Czerwoną Planetą?	1	5
7	Który ocean jest największy?	1	6
8	Jak nazywa się najwyższy szczyt świata?	1	7
9	W jakim kraju znajdują się piramidy w Gizie?	1	8
10	Które państwo słynie z miasta Tokio?	1	9
11	Które urządzenie służy do wyświetlania obrazu?	2	0
12	Który system operacyjny stworzyła firma Microsoft?	2	1
13	Jak nazywa się podstawowa część komputera odpowiedzialna za obliczenia?	2	2
14	Który program służy do przeglądania internetu?	2	3
15	Jak nazywa się urządzenie używane do wpisywania tekstu?	2	4
16	Który język programowania jest często używany do stron internetowych?	2	5
17	Jak nazywa się pamięć używana do przechowywania plików?	2	6
18	Które urządzenie pozwala połączyć się z internetem bezprzewodowo?	2	7
19	Jak nazywa się małe przenośne urządzenie do przechowywania danych USB?	2	8
20	Która firma stworzyła iPhone’a?	2	9
53	Które wydarzenia są związane z II wojną światową?	23	0
54	Które wydarzenia miały miejsce w starożytności?	23	1
55	Które wydarzenia są związane z okresem średniowiecza?	23	2
56	W którym roku Polska odzyskała niepodległość?	23	3
57	Kto był pierwszym koronowanym królem Polski?	23	4
\.


--
-- Data for Name: quiz_results; Type: TABLE DATA; Schema: public; Owner: courseruser
--

COPY public.quiz_results (id, completed_at, max_score, quiz_id, score, user_id) FROM stdin;
1	2026-06-21 20:47:18.833618	500	23	33	1
\.


--
-- Data for Name: quiz_share_codes; Type: TABLE DATA; Schema: public; Owner: courseruser
--

COPY public.quiz_share_codes (id, active, code, created_at, created_by_user_id, expires_at, quiz_id) FROM stdin;
\.


--
-- Data for Name: quizzes; Type: TABLE DATA; Schema: public; Owner: courseruser
--

COPY public.quizzes (id, title, owner_user_id) FROM stdin;
2	Informatyka	1
23	Historia	1
1	Geografia	1
\.


--
-- Data for Name: users; Type: TABLE DATA; Schema: public; Owner: courseruser
--

COPY public.users (id, created_at, email, last_login, password, quizzes_completed, role, total_score, username) FROM stdin;
1	2026-06-18 00:34:06.614824	szymon@gmail.com	2026-06-21 22:51:47.077983	$2a$10$HVDtX5PP2s4jBsdD0sIDFO9Nm6tB8EXq0xesijV3p.F5f/0AIMS0O	0	STUDENT	0	szymon
\.


--
-- Name: answers_id_seq; Type: SEQUENCE SET; Schema: public; Owner: courseruser
--

SELECT pg_catalog.setval('public.answers_id_seq', 142, true);


--
-- Name: questions_id_seq; Type: SEQUENCE SET; Schema: public; Owner: courseruser
--

SELECT pg_catalog.setval('public.questions_id_seq', 57, true);


--
-- Name: quiz_results_id_seq; Type: SEQUENCE SET; Schema: public; Owner: courseruser
--

SELECT pg_catalog.setval('public.quiz_results_id_seq', 1, true);


--
-- Name: quiz_share_codes_id_seq; Type: SEQUENCE SET; Schema: public; Owner: courseruser
--

SELECT pg_catalog.setval('public.quiz_share_codes_id_seq', 1, false);


--
-- Name: quizzes_id_seq; Type: SEQUENCE SET; Schema: public; Owner: courseruser
--

SELECT pg_catalog.setval('public.quizzes_id_seq', 23, true);


--
-- Name: users_id_seq; Type: SEQUENCE SET; Schema: public; Owner: courseruser
--

SELECT pg_catalog.setval('public.users_id_seq', 1, true);


--
-- Name: answers answers_pkey; Type: CONSTRAINT; Schema: public; Owner: courseruser
--

ALTER TABLE ONLY public.answers
    ADD CONSTRAINT answers_pkey PRIMARY KEY (id);


--
-- Name: questions questions_pkey; Type: CONSTRAINT; Schema: public; Owner: courseruser
--

ALTER TABLE ONLY public.questions
    ADD CONSTRAINT questions_pkey PRIMARY KEY (id);


--
-- Name: quiz_results quiz_results_pkey; Type: CONSTRAINT; Schema: public; Owner: courseruser
--

ALTER TABLE ONLY public.quiz_results
    ADD CONSTRAINT quiz_results_pkey PRIMARY KEY (id);


--
-- Name: quiz_share_codes quiz_share_codes_pkey; Type: CONSTRAINT; Schema: public; Owner: courseruser
--

ALTER TABLE ONLY public.quiz_share_codes
    ADD CONSTRAINT quiz_share_codes_pkey PRIMARY KEY (id);


--
-- Name: quizzes quizzes_pkey; Type: CONSTRAINT; Schema: public; Owner: courseruser
--

ALTER TABLE ONLY public.quizzes
    ADD CONSTRAINT quizzes_pkey PRIMARY KEY (id);


--
-- Name: users uk_6dotkott2kjsp8vw4d0m25fb7; Type: CONSTRAINT; Schema: public; Owner: courseruser
--

ALTER TABLE ONLY public.users
    ADD CONSTRAINT uk_6dotkott2kjsp8vw4d0m25fb7 UNIQUE (email);


--
-- Name: quiz_share_codes uk_quiz_share_codes_code; Type: CONSTRAINT; Schema: public; Owner: courseruser
--

ALTER TABLE ONLY public.quiz_share_codes
    ADD CONSTRAINT uk_quiz_share_codes_code UNIQUE (code);


--
-- Name: users uk_r43af9ap4edm43mmtq01oddj6; Type: CONSTRAINT; Schema: public; Owner: courseruser
--

ALTER TABLE ONLY public.users
    ADD CONSTRAINT uk_r43af9ap4edm43mmtq01oddj6 UNIQUE (username);


--
-- Name: users users_pkey; Type: CONSTRAINT; Schema: public; Owner: courseruser
--

ALTER TABLE ONLY public.users
    ADD CONSTRAINT users_pkey PRIMARY KEY (id);


--
-- Name: answers fk3erw1a3t0r78st8ty27x6v3g1; Type: FK CONSTRAINT; Schema: public; Owner: courseruser
--

ALTER TABLE ONLY public.answers
    ADD CONSTRAINT fk3erw1a3t0r78st8ty27x6v3g1 FOREIGN KEY (question_id) REFERENCES public.questions(id);


--
-- Name: quiz_share_codes fkma9ee5ntjs2yiohoytg9qvk6c; Type: FK CONSTRAINT; Schema: public; Owner: courseruser
--

ALTER TABLE ONLY public.quiz_share_codes
    ADD CONSTRAINT fkma9ee5ntjs2yiohoytg9qvk6c FOREIGN KEY (quiz_id) REFERENCES public.quizzes(id);


--
-- Name: questions fkn3gvco4b0kewxc0bywf1igfms; Type: FK CONSTRAINT; Schema: public; Owner: courseruser
--

ALTER TABLE ONLY public.questions
    ADD CONSTRAINT fkn3gvco4b0kewxc0bywf1igfms FOREIGN KEY (quiz_id) REFERENCES public.quizzes(id);


--
-- Name: SCHEMA public; Type: ACL; Schema: -; Owner: courseruser
--

REVOKE USAGE ON SCHEMA public FROM PUBLIC;


--
-- PostgreSQL database dump complete
--

\unrestrict AGWGrSLFBjfKJ5KO9kJbg28VBqEEJeduguAmSCrOekoDhc3lmW7R5v4hXMKg4X0

